user_id,gnn_score,ocsvm_score,ensemble_score
U003,0.0,1.0,0.5
U001,0.0,0.1881665363481857,0.09408326817409285
U002,0.0,0.0,0.0
